Protocollo;Gruppo;DataOraIncidente;Localizzazione1;STRADA1;Localizzazione2;STRADA2;Strada02;Chilometrica;DaSpecificare;NaturaIncidente;particolaritastrade;TipoStrada;FondoStradale;Pavimentazione;Segnaletica;CondizioneAtmosferica;Traffico;Visibilita;Illuminazione;NUM_FERITI;NUM_RISERVATA;NUM_MORTI;NUM_ILLESI;Longitudine;Latitudine;Confermato;Progressivo;TipoVeicolo;StatoVeicolo;TipoPersona;Sesso;Tipolesione;Deceduto;DecedutoDopo;CinturaCascoUtilizzato;Airbag
1772920;20;30/08/2008 04:40;Strada Urbana;VIA DI VILLA SEVERINI;in prossimità;;del civico n. ;28;;Tamponamento Multiplo;Rettilineo;Una carreggiata a senso unico di marcia;Asciutto;Asfaltata;Verticale ed orizzontale;Sereno;Scarso;Buona;Inesistente;1;0;0;1;;;-1;1;Autovettura privata;In marcia / fermata / arresto;Conducente;M;Illeso;0;;Non accertato;Inesploso
1772920;20;30/08/2008 04:40;Strada Urbana;VIA DI VILLA SEVERINI;in prossimità;;del civico n. ;28;;Tamponamento Multiplo;Rettilineo;Una carreggiata a senso unico di marcia;Asciutto;Asfaltata;Verticale ed orizzontale;Sereno;Scarso;Buona;Inesistente;1;0;0;1;;;-1;2;Autovettura privata;In marcia / fermata / arresto;Conducente;F;Rimandato;0;NON DECEDUTO;Non accertato;Esploso
1772921;3;28/08/2008 15:50;Strada Urbana;LARGO SETTIMIO PASSAMONTI;da specificare;;;;in corrispondenza area parcheggio Cimitero Verano;Infortunio per caduta del veicolo;Rettilineo;Una carreggiata a senso unico di marcia;Viscido da liquidi oleosi;Asfaltata;Verticale ed orizzontale;Sereno;Normale;Buona;Ore Diurne;1;0;0;0;;;-1;1;Motociclo a solo;In marcia / fermata / arresto;Conducente;M;Rimandato;0;NON DECEDUTO;Non accertato;Inesistente
1772922;3;29/08/2008 11:30;Strada Urbana;VIA DEI LUCERI;all'intersezione con;VIA DEI CORSI;VIA DEI CORSI;;;Infortunio per caduta del veicolo;Intersezione non regolata/non segnalata;Una carreggiata a doppio senso;Asciutto;Asfaltata;Verticale ed orizzontale;Sereno;Scarso;Buona;Ore Diurne;0;0;0;2;;;-1;1;Autovettura privata;In marcia / fermata / arresto;Conducente;M;Illeso;0;;Utilizzato;Inesistente
1772922;3;29/08/2008 11:30;Strada Urbana;VIA DEI LUCERI;all'intersezione con;VIA DEI CORSI;VIA DEI CORSI;;;Infortunio per caduta del veicolo;Intersezione non regolata/non segnalata;Una carreggiata a doppio senso;Asciutto;Asfaltata;Verticale ed orizzontale;Sereno;Scarso;Buona;Ore Diurne;0;0;0;2;;;-1;2;Motociclo a solo;In marcia / fermata / arresto;Conducente;M;Illeso;0;;Utilizzato;Inesistente
1772923;4;29/08/2008 16:10;Strada Urbana;VIA VAL SENIO;all'intersezione con;VIA VALLE DI CORIO;VIA VALLE DI CORIO;;;Scontro frontale/laterale SX fra veicoli in marcia;Incrocio;Una carreggiata a senso unico di marcia;Asciutto;Asfaltata;Verticale ed orizzontale;Sereno;Normale;Buona;Ore Diurne;0;0;0;2;;;-1;1;Autovettura privata;In marcia / fermata / arresto;Conducente;M;Illeso;0;;Utilizzato;Inesistente
1772923;4;29/08/2008 16:10;Strada Urbana;VIA VAL SENIO;all'intersezione con;VIA VALLE DI CORIO;VIA VALLE DI CORIO;;;Scontro frontale/laterale SX fra veicoli in marcia;Incrocio;Una carreggiata a senso unico di marcia;Asciutto;Asfaltata;Verticale ed orizzontale;Sereno;Normale;Buona;Ore Diurne;0;0;0;2;;;-1;2;Autovettura privata;In marcia / fermata / arresto;Conducente;F;Illeso;0;;Non accertato;Inesistente
1772924;5;16/08/2008 12:45;Strada Urbana;VIA TIBURTINA;da specificare;;;;PARCHEGGIO STAZIONE METRO REBIBBIA;Scontro frontale/laterale SX fra veicoli in marcia;Rettilineo;Una carreggiata a doppio senso;Asciutto;Asfaltata;Verticale ed orizzontale;Sereno;Normale;Buona;Ore Diurne;0;0;0;2;;;-1;1;Autovettura privata;In marcia / fermata / arresto;Conducente;M;Illeso;0;;Non accertato;Inesistente
1772924;5;16/08/2008 12:45;Strada Urbana;VIA TIBURTINA;da specificare;;;;PARCHEGGIO STAZIONE METRO REBIBBIA;Scontro frontale/laterale SX fra veicoli in marcia;Rettilineo;Una carreggiata a doppio senso;Asciutto;Asfaltata;Verticale ed orizzontale;Sereno;Normale;Buona;Ore Diurne;0;0;0;2;;;-1;2;Autovettura privata;In marcia / fermata / arresto;Conducente;M;Illeso;0;;Non accertato;Inesistente
1772925;5;20/08/2008 04:10;Strada Urbana;VIA TIBURTINA;all'intersezione semaforizzata con;VIA DI PORTONACCIO;VIA DI PORTONACCIO;;;Scontro frontale/laterale SX fra veicoli in marcia;Incrocio;Due carreggiate;Asciutto;Asfaltata;Verticale ed orizzontale;Sereno;Scarso;Buona;Sufficiente;1;0;0;3;;;-1;1;Autovettura privata;In marcia / fermata / arresto;Conducente;F;Illeso;0;;Non accertato;Inesistente
1772925;5;20/08/2008 04:10;Strada Urbana;VIA TIBURTINA;all'intersezione semaforizzata con;VIA DI PORTONACCIO;VIA DI PORTONACCIO;;;Scontro frontale/laterale SX fra veicoli in marcia;Incrocio;Due carreggiate;Asciutto;Asfaltata;Verticale ed orizzontale;Sereno;Scarso;Buona;Sufficiente;1;0;0;3;;;-1;1;Autovettura privata;In marcia / fermata / arresto;Passeggero;F;Illeso;0;;Non accertato;Inesistente
1772925;5;20/08/2008 04:10;Strada Urbana;VIA TIBURTINA;all'intersezione semaforizzata con;VIA DI PORTONACCIO;VIA DI PORTONACCIO;;;Scontro frontale/laterale SX fra veicoli in marcia;Incrocio;Due carreggiate;Asciutto;Asfaltata;Verticale ed orizzontale;Sereno;Scarso;Buona;Sufficiente;1;0;0;3;;;-1;1;Autovettura privata;In marcia / fermata / arresto;Passeggero;F;Illeso;0;;Non accertato;Inesistente
1772925;5;20/08/2008 04:10;Strada Urbana;VIA TIBURTINA;all'intersezione semaforizzata con;VIA DI PORTONACCIO;VIA DI PORTONACCIO;;;Scontro frontale/laterale SX fra veicoli in marcia;Incrocio;Due carreggiate;Asciutto;Asfaltata;Verticale ed orizzontale;Sereno;Scarso;Buona;Sufficiente;1;0;0;3;;;-1;2;Motociclo a solo;In marcia / fermata / arresto;Conducente;M;Rimandato;0;NON DECEDUTO;Non accertato;Inesistente
1772927;6;29/08/2008 11:00;Strada Urbana;VIA DI ACQUA BULLICANTE;in prossimità;;del civico n. ;431;;Veicolo in marcia contro veicolo in sosta;Rettilineo;Una carreggiata a doppio senso;Asciutto;Asfaltata;Orizzontale;Sereno;Scarso;Buona;Ore Diurne;0;0;0;3;;;-1;1;Autovettura privata;In marcia / fermata / arresto;Conducente;M;Illeso;0;;Non accertato;Inesistente
1772927;6;29/08/2008 11:00;Strada Urbana;VIA DI ACQUA BULLICANTE;in prossimità;;del civico n. ;431;;Veicolo in marcia contro veicolo in sosta;Rettilineo;Una carreggiata a doppio senso;Asciutto;Asfaltata;Orizzontale;Sereno;Scarso;Buona;Ore Diurne;0;0;0;3;;;-1;1;Autovettura privata;In marcia / fermata / arresto;Passeggero;F;Illeso;0;;Non accertato;Inesistente
1772927;6;29/08/2008 11:00;Strada Urbana;VIA DI ACQUA BULLICANTE;in prossimità;;del civico n. ;431;;Veicolo in marcia contro veicolo in sosta;Rettilineo;Una carreggiata a doppio senso;Asciutto;Asfaltata;Orizzontale;Sereno;Scarso;Buona;Ore Diurne;0;0;0;3;;;-1;1;Autovettura privata;In marcia / fermata / arresto;Passeggero;F;Illeso;0;;Non accertato;Inesistente
1772928;6;29/08/2008 15:30;Strada Urbana;VIA CASILINA;da specificare;;;;altezza via romolo balzani;Scontro laterale fra veicoli in marcia;Rettilineo;Due carreggiate;Asciutto;Asfaltata;Verticale ed orizzontale;Sereno;Normale;Buona;Ore Diurne;0;0;0;2;;;-1;1;Autovettura privata;In marcia / fermata / arresto;Conducente;M;Illeso;0;;Non accertato;Inesistente
1772928;6;29/08/2008 15:30;Strada Urbana;VIA CASILINA;da specificare;;;;altezza via romolo balzani;Scontro laterale fra veicoli in marcia;Rettilineo;Due carreggiate;Asciutto;Asfaltata;Verticale ed orizzontale;Sereno;Normale;Buona;Ore Diurne;0;0;0;2;;;-1;2;Autovettura privata;In marcia / fermata / arresto;Conducente;M;Illeso;0;;Non accertato;Inesistente
1772929;6;29/08/2008 16:00;Strada Urbana;VIA PRENESTINA;in prossimità;;del civico n. ;127;;Veicolo in marcia contro veicolo fermo;Rettilineo;Più di due carreggiate;Asciutto;Asfaltata;Orizzontale;Sereno;Normale;Buona;Ore Diurne;2;0;0;0;;;-1;1;Autovettura privata;In marcia / fermata / arresto;Conducente;F;Rimandato;0;NON DECEDUTO;Non accertato;Inesistente
1772929;6;29/08/2008 16:00;Strada Urbana;VIA PRENESTINA;in prossimità;;del civico n. ;127;;Veicolo in marcia contro veicolo fermo;Rettilineo;Più di due carreggiate;Asciutto;Asfaltata;Orizzontale;Sereno;Normale;Buona;Ore Diurne;2;0;0;0;;;-1;1;Autovettura privata;In marcia / fermata / arresto;Passeggero;F;Rimandato;0;NON DECEDUTO;Non accertato;Inesistente
1772930;6;29/08/2008 16:45;Strada Urbana;VIA PRENESTINA;all'intersezione con;VIA SABAUDIA;VIA SABAUDIA;;;Scontro frontale/laterale SX fra veicoli in marcia;Incrocio;Una carreggiata a senso unico di marcia;Asciutto;Asfaltata;Verticale ed orizzontale;Sereno;Normale;Buona;Ore Diurne;1;0;0;1;;;-1;1;Autovettura privata;In marcia / fermata / arresto;Conducente;F;Illeso;0;;Non accertato;Inesploso
1772930;6;29/08/2008 16:45;Strada Urbana;VIA PRENESTINA;all'intersezione con;VIA SABAUDIA;VIA SABAUDIA;;;Scontro frontale/laterale SX fra veicoli in marcia;Incrocio;Una carreggiata a senso unico di marcia;Asciutto;Asfaltata;Verticale ed orizzontale;Sereno;Normale;Buona;Ore Diurne;1;0;0;1;;;-1;2;Motociclo con passeggero;In marcia / fermata / arresto;Conducente;M;Rimandato;0;NON DECEDUTO;Non accertato;Inesistente
1772931;6;30/08/2008 05:25;Strada Urbana;VIA ALBERTO DA GIUSSANO;in corrispondenza;;del civico n. ;91;;Scontro frontale fra veicoli in marcia;Rettilineo;Una carreggiata a doppio senso;Asciutto;Asfaltata;Assente;Sereno;Scarso;Sufficiente;Sufficiente;0;0;0;3;;;-1;1;Motociclo a solo;In marcia / fermata / arresto;Conducente;M;Illeso;0;;Non accertato;Inesistente
1772931;6;30/08/2008 05:25;Strada Urbana;VIA ALBERTO DA GIUSSANO;in corrispondenza;;del civico n. ;91;;Scontro frontale fra veicoli in marcia;Rettilineo;Una carreggiata a doppio senso;Asciutto;Asfaltata;Assente;Sereno;Scarso;Sufficiente;Sufficiente;0;0;0;3;;;-1;2;Autovettura privata;In marcia / fermata / arresto;Conducente;M;Illeso;0;;Non accertato;Inesistente
1772931;6;30/08/2008 05:25;Strada Urbana;VIA ALBERTO DA GIUSSANO;in corrispondenza;;del civico n. ;91;;Scontro frontale fra veicoli in marcia;Rettilineo;Una carreggiata a doppio senso;Asciutto;Asfaltata;Assente;Sereno;Scarso;Sufficiente;Sufficiente;0;0;0;3;;;-1;2;Autovettura privata;In marcia / fermata / arresto;Passeggero;M;Illeso;0;;Non accertato;Inesistente
1772932;8;29/08/2008 07:15;Strada Urbana;VIA DI TORRENOVA;all'intersezione con;CIRCONVALLAZIONE ORIENTALE;CIRCONVALLAZIONE ORIENTALE;;;Scontro frontale/laterale DX fra veicoli in marcia;Incrocio;Una carreggiata a doppio senso;Asciutto;Asfaltata;Orizzontale;Sereno;Normale;Buona;Ore Diurne;1;0;0;1;;;-1;1;Autovettura privata;In marcia / fermata / arresto;Conducente;M;Illeso;0;;Non utilizzato;Inesistente
1772932;8;29/08/2008 07:15;Strada Urbana;VIA DI TORRENOVA;all'intersezione con;CIRCONVALLAZIONE ORIENTALE;CIRCONVALLAZIONE ORIENTALE;;;Scontro frontale/laterale DX fra veicoli in marcia;Incrocio;Una carreggiata a doppio senso;Asciutto;Asfaltata;Orizzontale;Sereno;Normale;Buona;Ore Diurne;1;0;0;1;;;-1;2;Ciclomotore;In marcia / fermata / arresto;Conducente;M;Rimandato;0;NON DECEDUTO;Non accertato;Inesistente
1772933;8;29/08/2008 09:00;Strada Urbana;VIA AUGUSTO MARINI;all'intersezione con;VIA ANGIOLO CASSIOLI;VIA ANGIOLO CASSIOLI;;;Infortunio per caduta del veicolo;Intersezione stradale segnalata;Una carreggiata a doppio senso;Asciutto;Asfaltata;Verticale ed orizzontale;Sereno;Normale;Sufficiente;Ore Diurne;1;0;0;0;;;-1;1;Motociclo a solo;In marcia / fermata / arresto;Conducente;M;Rimandato;0;NON DECEDUTO;Non accertato;Inesistente
1772934;8;29/08/2008 10:30;Strada Urbana;VIA SELLIA;in corrispondenza;;del civico n. ;89;;Veicolo in marcia contro veicoli in sosta;Rettilineo;Una carreggiata a doppio senso;Asciutto;Asfaltata;Verticale;Sereno;Scarso;Buona;Ore Diurne;0;0;0;1;;;-1;1;Autovettura privata;In marcia / fermata / arresto;Conducente;M;Illeso;0;;Non accertato;Inesistente
1772935;8;29/08/2008 10:35;Strada Urbana;VIA MILITELLO;da specificare;;;;complanare Via CASILINA;Scontro frontale/laterale SX fra veicoli in marcia;Curva a visuale libera;Una carreggiata a doppio senso;Asciutto;Asfaltata;Verticale ed orizzontale;Sereno;Normale;Sufficiente;Ore Diurne;0;0;0;1;;;-1;1;Autovettura di polizia;In marcia / fermata / arresto;Conducente;M;Illeso;0;;Non accertato;Inesploso
1772936;8;29/08/2008 12:20;Strada Urbana;VIALE DELLA SORBONA;in prossimità;;del palo luce n. ;88;;Tamponamento;Rettilineo;Due carreggiate;Asciutto;Asfaltata;Verticale ed orizzontale;Sereno;Normale;Buona;Ore Diurne;0;0;0;2;;;-1;1;Autovettura privata;In marcia / fermata / arresto;Conducente;M;Illeso;0;;Non accertato;Inesploso
1772936;8;29/08/2008 12:20;Strada Urbana;VIALE DELLA SORBONA;in prossimità;;del palo luce n. ;88;;Tamponamento;Rettilineo;Due carreggiate;Asciutto;Asfaltata;Verticale ed orizzontale;Sereno;Normale;Buona;Ore Diurne;0;0;0;2;;;-1;2;Autovettura privata;In marcia / fermata / arresto;Conducente;M;Illeso;0;;Non accertato;Inesploso
1772937;8;29/08/2008 19:00;Strada Urbana;VIA MONTEPRANDONE;in prossimità;;del civico n. ;67;;Veicolo in marcia contro ostacolo accidentale;Rettilineo;Una carreggiata a senso unico di marcia;Asciutto;Asfaltata;Orizzontale;Sereno;Scarso;Sufficiente;Ore Diurne;1;0;0;0;;;-1;1;Motociclo a solo;In marcia / fermata / arresto;Conducente;M;Rimandato;0;NON DECEDUTO;Non accertato;Inesistente
1772938;8;30/08/2008 00:05;Strada Urbana;VIA DI ROCCA CENCIA;all'intersezione semaforizzata con;VIA PRENESTINA;VIA PRENESTINA;;;Tamponamento;Intersezione semaforizzata;Una carreggiata a doppio senso;Asciutto;Asfaltata;Assente;Sereno;Scarso;Insufficiente;Insufficiente;1;0;0;4;;;-1;1;Autovettura privata;In marcia / fermata / arresto;Conducente;M;Illeso;0;;Non accertato;Inesploso
1772938;8;30/08/2008 00:05;Strada Urbana;VIA DI ROCCA CENCIA;all'intersezione semaforizzata con;VIA PRENESTINA;VIA PRENESTINA;;;Tamponamento;Intersezione semaforizzata;Una carreggiata a doppio senso;Asciutto;Asfaltata;Assente;Sereno;Scarso;Insufficiente;Insufficiente;1;0;0;4;;;-1;1;Autovettura privata;In marcia / fermata / arresto;Passeggero;F;Rifiuta cure immediate;0;NON DECEDUTO;Non accertato;Inesistente
1772938;8;30/08/2008 00:05;Strada Urbana;VIA DI ROCCA CENCIA;all'intersezione semaforizzata con;VIA PRENESTINA;VIA PRENESTINA;;;Tamponamento;Intersezione semaforizzata;Una carreggiata a doppio senso;Asciutto;Asfaltata;Assente;Sereno;Scarso;Insufficiente;Insufficiente;1;0;0;4;;;-1;1;Autovettura privata;In marcia / fermata / arresto;Passeggero;F;Illeso;0;;Non accertato;Inesploso
1772938;8;30/08/2008 00:05;Strada Urbana;VIA DI ROCCA CENCIA;all'intersezione semaforizzata con;VIA PRENESTINA;VIA PRENESTINA;;;Tamponamento;Intersezione semaforizzata;Una carreggiata a doppio senso;Asciutto;Asfaltata;Assente;Sereno;Scarso;Insufficiente;Insufficiente;1;0;0;4;;;-1;1;Autovettura privata;In marcia / fermata / arresto;Passeggero;M;Illeso;0;;Non accertato;Inesploso
1772938;8;30/08/2008 00:05;Strada Urbana;VIA DI ROCCA CENCIA;all'intersezione semaforizzata con;VIA PRENESTINA;VIA PRENESTINA;;;Tamponamento;Intersezione semaforizzata;Una carreggiata a doppio senso;Asciutto;Asfaltata;Assente;Sereno;Scarso;Insufficiente;Insufficiente;1;0;0;4;;;-1;2;Autovettura privata;In marcia / fermata / arresto;Conducente;M;Illeso;0;;Non accertato;Esploso
1772939;1;18/08/2008 14:00;Strada Urbana;VIA FLAVIA;all'intersezione con;VIA QUINTINO SELLA;VIA QUINTINO SELLA;;;Scontro frontale/laterale DX fra veicoli in marcia;Incrocio;Una carreggiata a senso unico di marcia;Asciutto;Asfaltata;Orizzontale;Sereno;Scarso;Buona;Ore Diurne;0;0;0;2;;;-1;1;Autovettura privata;In marcia / fermata / arresto;Conducente;M;Illeso;0;;Non accertato;Inesistente
1772939;1;18/08/2008 14:00;Strada Urbana;VIA FLAVIA;all'intersezione con;VIA QUINTINO SELLA;VIA QUINTINO SELLA;;;Scontro frontale/laterale DX fra veicoli in marcia;Incrocio;Una carreggiata a senso unico di marcia;Asciutto;Asfaltata;Orizzontale;Sereno;Scarso;Buona;Ore Diurne;0;0;0;2;;;-1;2;Autovettura privata;In marcia / fermata / arresto;Conducente;F;Illeso;0;;Non accertato;Inesistente
1772941;1;28/08/2008 06:50;Strada Urbana;VIA DEI FORI IMPERIALI;all'intersezione semaforizzata con;LARGO CORRADO RICCI;LARGO CORRADO RICCI;;;Infortunio per caduta del veicolo;Intersezione semaforizzata;Una carreggiata a doppio senso;Bagnato (umidità in atto);Acciotolata;Verticale ed orizzontale;Sereno;Scarso;Buona;Ore Diurne;1;0;0;0;;;-1;1;Motociclo a solo;In marcia / fermata / arresto;Conducente;M;Rifiuta cure immediate;0;NON DECEDUTO;Non accertato;Inesistente
1772942;1;28/08/2008 12:30;Strada Urbana;PIAZZA DI PONTE S. ANGELO;all'intersezione semaforizzata con;VIA DEL BANCO DI S. SPIRITO;VIA DEL BANCO DI S. SPIRITO;;;Tamponamento;Intersezione semaforizzata;Una carreggiata a senso unico di marcia;Asciutto;Asfaltata;Verticale ed orizzontale;Sereno;Normale;Buona;Ore Diurne;0;0;0;2;;;-1;1;Autovettura privata;In marcia / fermata / arresto;Conducente;M;Illeso;0;;Non accertato;Inesistente
1772942;1;28/08/2008 12:30;Strada Urbana;PIAZZA DI PONTE S. ANGELO;all'intersezione semaforizzata con;VIA DEL BANCO DI S. SPIRITO;VIA DEL BANCO DI S. SPIRITO;;;Tamponamento;Intersezione semaforizzata;Una carreggiata a senso unico di marcia;Asciutto;Asfaltata;Verticale ed orizzontale;Sereno;Normale;Buona;Ore Diurne;0;0;0;2;;;-1;2;Autovettura privata;In marcia / fermata / arresto;Conducente;F;Illeso;0;;Non accertato;Inesistente
1772944;1;29/08/2008 12:00;Strada Urbana;LUNGOTEVERE DEGLI ALBERTESCHI;all'intersezione con;PIAZZA CASTELLANI;PIAZZA CASTELLANI;;;Tamponamento;Intersezione non regolata/non segnalata;Una carreggiata a senso unico di marcia;Asciutto;Asfaltata;Verticale ed orizzontale;Sereno;Normale;Sufficiente;Ore Diurne;1;0;0;1;;;-1;1;Autovettura privata;In marcia / fermata / arresto;Conducente;M;Illeso;0;;Non accertato;Inesistente
1772944;1;29/08/2008 12:00;Strada Urbana;LUNGOTEVERE DEGLI ALBERTESCHI;all'intersezione con;PIAZZA CASTELLANI;PIAZZA CASTELLANI;;;Tamponamento;Intersezione non regolata/non segnalata;Una carreggiata a senso unico di marcia;Asciutto;Asfaltata;Verticale ed orizzontale;Sereno;Normale;Sufficiente;Ore Diurne;1;0;0;1;;;-1;2;Motociclo a solo;In marcia / fermata / arresto;Conducente;M;Rimandato;0;NON DECEDUTO;Non accertato;Inesistente
1772945;1;29/08/2008 13:15;Strada Urbana;LUNGOTEVERE TOR DI NONA;in prossimità;;del civico n. ;7;;Tamponamento;Rettilineo;Una carreggiata a senso unico di marcia;Asciutto;Asfaltata;Verticale ed orizzontale;Sereno;Normale;Buona;Ore Diurne;0;0;0;3;;;-1;1;Autovettura privata;In marcia / fermata / arresto;Conducente;F;Illeso;0;;Non accertato;Inesploso
1772945;1;29/08/2008 13:15;Strada Urbana;LUNGOTEVERE TOR DI NONA;in prossimità;;del civico n. ;7;;Tamponamento;Rettilineo;Una carreggiata a senso unico di marcia;Asciutto;Asfaltata;Verticale ed orizzontale;Sereno;Normale;Buona;Ore Diurne;0;0;0;3;;;-1;2;Autovettura di polizia;In marcia / fermata / arresto;Conducente;M;Illeso;0;;Non accertato;Inesistente
1772945;1;29/08/2008 13:15;Strada Urbana;LUNGOTEVERE TOR DI NONA;in prossimità;;del civico n. ;7;;Tamponamento;Rettilineo;Una carreggiata a senso unico di marcia;Asciutto;Asfaltata;Verticale ed orizzontale;Sereno;Normale;Buona;Ore Diurne;0;0;0;3;;;-1;2;Autovettura di polizia;In marcia / fermata / arresto;Passeggero;M;Illeso;0;;Non accertato;Inesistente
1772947;1;29/08/2008 19:20;Strada Urbana;LUNGOTEVERE DEI TEBALDI;in prossimità;;del civico n. ;4;;Tamponamento;Rettilineo;Una carreggiata a senso unico di marcia;Asciutto;Asfaltata;Verticale ed orizzontale;Sereno;Normale;Buona;Ore Diurne;1;0;0;2;;;-1;1;Autovettura privata;In marcia / fermata / arresto;Conducente;M;Illeso;0;;Non accertato;Inesistente
1772947;1;29/08/2008 19:20;Strada Urbana;LUNGOTEVERE DEI TEBALDI;in prossimità;;del civico n. ;4;;Tamponamento;Rettilineo;Una carreggiata a senso unico di marcia;Asciutto;Asfaltata;Verticale ed orizzontale;Sereno;Normale;Buona;Ore Diurne;1;0;0;2;;;-1;1;Autovettura privata;In marcia / fermata / arresto;Passeggero;F;Illeso;0;;Non accertato;Inesistente
1772947;1;29/08/2008 19:20;Strada Urbana;LUNGOTEVERE DEI TEBALDI;in prossimità;;del civico n. ;4;;Tamponamento;Rettilineo;Una carreggiata a senso unico di marcia;Asciutto;Asfaltata;Verticale ed orizzontale;Sereno;Normale;Buona;Ore Diurne;1;0;0;2;;;-1;2;Motociclo a solo;In marcia / fermata / arresto;Conducente;M;Rimandato;0;NON DECEDUTO;Non accertato;Inesistente
1772948;1;30/08/2008 00:50;Strada Urbana;VIA DEL CIRCO MASSIMO;all'intersezione con;PIAZZALE UGO LA MALFA;PIAZZALE UGO LA MALFA;;;Scontro laterale fra veicoli in marcia;Intersezione non regolata/non segnalata;Una carreggiata a doppio senso;Bagnato (pioggia);Strada pavimentata dissestata;Verticale ed orizzontale;Sereno;Normale;Buona;Sufficiente;1;0;0;3;;;-1;1;Autovettura privata;In marcia / fermata / arresto;Conducente;M;Illeso;0;;Utilizzato;Inesploso
1772948;1;30/08/2008 00:50;Strada Urbana;VIA DEL CIRCO MASSIMO;all'intersezione con;PIAZZALE UGO LA MALFA;PIAZZALE UGO LA MALFA;;;Scontro laterale fra veicoli in marcia;Intersezione non regolata/non segnalata;Una carreggiata a doppio senso;Bagnato (pioggia);Strada pavimentata dissestata;Verticale ed orizzontale;Sereno;Normale;Buona;Sufficiente;1;0;0;3;;;-1;1;Autovettura privata;In marcia / fermata / arresto;Passeggero;M;Illeso;0;;Non accertato;Inesistente
1772948;1;30/08/2008 00:50;Strada Urbana;VIA DEL CIRCO MASSIMO;all'intersezione con;PIAZZALE UGO LA MALFA;PIAZZALE UGO LA MALFA;;;Scontro laterale fra veicoli in marcia;Intersezione non regolata/non segnalata;Una carreggiata a doppio senso;Bagnato (pioggia);Strada pavimentata dissestata;Verticale ed orizzontale;Sereno;Normale;Buona;Sufficiente;1;0;0;3;;;-1;2;Autovettura privata;In marcia / fermata / arresto;Conducente;F;Illeso;0;;Utilizzato;Inesistente
1772948;1;30/08/2008 00:50;Strada Urbana;VIA DEL CIRCO MASSIMO;all'intersezione con;PIAZZALE UGO LA MALFA;PIAZZALE UGO LA MALFA;;;Scontro laterale fra veicoli in marcia;Intersezione non regolata/non segnalata;Una carreggiata a doppio senso;Bagnato (pioggia);Strada pavimentata dissestata;Verticale ed orizzontale;Sereno;Normale;Buona;Sufficiente;1;0;0;3;;;-1;2;Autovettura privata;In marcia / fermata / arresto;Passeggero;F;Rifiuta cure immediate;0;NON DECEDUTO;Utilizzato;Inesistente
1772949;1;30/08/2008 02:00;Strada Urbana;LUNGOTEVERE RAFFAELLO SANZIO;all'intersezione semaforizzata con;PONTE GARIBALDI;PONTE GARIBALDI;;;Scontro frontale/laterale SX fra veicoli in marcia;Intersezione semaforizzata;Una carreggiata a senso unico di marcia;Asciutto;Asfaltata;Verticale ed orizzontale;Sereno;Scarso;Buona;Sufficiente;1;0;0;5;;;-1;1;Autovettura privata;In marcia / fermata / arresto;Conducente;M;Illeso;0;;Non accertato;Inesistente
1772949;1;30/08/2008 02:00;Strada Urbana;LUNGOTEVERE RAFFAELLO SANZIO;all'intersezione semaforizzata con;PONTE GARIBALDI;PONTE GARIBALDI;;;Scontro frontale/laterale SX fra veicoli in marcia;Intersezione semaforizzata;Una carreggiata a senso unico di marcia;Asciutto;Asfaltata;Verticale ed orizzontale;Sereno;Scarso;Buona;Sufficiente;1;0;0;5;;;-1;1;Autovettura privata;In marcia / fermata / arresto;Passeggero;F;Illeso;0;;Non accertato;Inesistente
1772949;1;30/08/2008 02:00;Strada Urbana;LUNGOTEVERE RAFFAELLO SANZIO;all'intersezione semaforizzata con;PONTE GARIBALDI;PONTE GARIBALDI;;;Scontro frontale/laterale SX fra veicoli in marcia;Intersezione semaforizzata;Una carreggiata a senso unico di marcia;Asciutto;Asfaltata;Verticale ed orizzontale;Sereno;Scarso;Buona;Sufficiente;1;0;0;5;;;-1;1;Autovettura privata;In marcia / fermata / arresto;Passeggero;M;Illeso;0;;Non accertato;Inesistente
1772949;1;30/08/2008 02:00;Strada Urbana;LUNGOTEVERE RAFFAELLO SANZIO;all'intersezione semaforizzata con;PONTE GARIBALDI;PONTE GARIBALDI;;;Scontro frontale/laterale SX fra veicoli in marcia;Intersezione semaforizzata;Una carreggiata a senso unico di marcia;Asciutto;Asfaltata;Verticale ed orizzontale;Sereno;Scarso;Buona;Sufficiente;1;0;0;5;;;-1;2;Ciclomotore;In marcia / fermata / arresto;Conducente;M;Rimandato;0;NON DECEDUTO;Non accertato;Inesistente
1772949;1;30/08/2008 02:00;Strada Urbana;LUNGOTEVERE RAFFAELLO SANZIO;all'intersezione semaforizzata con;PONTE GARIBALDI;PONTE GARIBALDI;;;Scontro frontale/laterale SX fra veicoli in marcia;Intersezione semaforizzata;Una carreggiata a senso unico di marcia;Asciutto;Asfaltata;Verticale ed orizzontale;Sereno;Scarso;Buona;Sufficiente;1;0;0;5;;;-1;2;Ciclomotore;In marcia / fermata / arresto;Passeggero;F;Illeso;0;;Non accertato;Inesistente